Дата операции,Категория,Сумма операции
2019-05-03,Супермаркеты,-121.1
2019-04-29,Супермаркеты,-49.9
2019-04-27,Супермаркеты,-280.0
2019-04-26,Супермаркеты,-67.8
2019-04-26,Супермаркеты,-120.0
2019-04-26,Супермаркеты,-291.14
2019-04-26,Супермаркеты,-240.5
2019-04-26,Супермаркеты,-78.0
2019-04-25,Супермаркеты,-177.6
2019-04-23,Супермаркеты,-293.35
2019-04-22,Супермаркеты,-503.53
2019-04-22,Супермаркеты,-78.0
2019-04-22,Супермаркеты,-89.8
2019-04-21,Супермаркеты,-49.9
2019-04-21,Супермаркеты,-34.0
2019-04-19,Супермаркеты,-136.7
2019-04-18,Супермаркеты,-106.8
2019-04-18,Супермаркеты,-127.0
2019-04-16,Супермаркеты,-87.37
2019-04-16,Супермаркеты,-229.0
2019-04-15,Супермаркеты,-315.78
2019-04-15,Супермаркеты,-68.0
2019-04-14,Супермаркеты,-84.9
2019-04-13,Супермаркеты,-59.9
2019-04-12,Супермаркеты,-80.2
2019-04-12,Супермаркеты,-149.9
2019-04-12,Супермаркеты,-68.0
2019-04-11,Супермаркеты,-78.0
2019-04-10,Супермаркеты,-51.9
2019-04-10,Супермаркеты,-118.65
2019-04-09,Супермаркеты,-51.9
2019-04-09,Супермаркеты,-68.0
2019-04-08,Супермаркеты,-189.6
2019-04-08,Супермаркеты,-32.79
2019-04-08,Супермаркеты,-78.0
2019-04-08,Супермаркеты,-137.97
2019-04-08,Супермаркеты,-51.9
2019-04-06,Супермаркеты,-207.8
2019-04-06,Супермаркеты,-249.7
2019-04-06,Супермаркеты,-68.0
2019-04-06,Супермаркеты,-118.0
2019-04-06,Супермаркеты,-49.9
2019-04-05,Супермаркеты,-595.52
2019-04-05,Супермаркеты,-34.0
2019-04-05,Супермаркеты,-113.7
2019-04-03,Супермаркеты,-78.0
2019-04-03,Супермаркеты,-34.0
2019-04-01,Супермаркеты,-25.8
2019-04-01,Супермаркеты,-189.4
2019-04-01,Супермаркеты,-179.51
2019-04-01,Супермаркеты,-141.08
2019-04-01,Супермаркеты,-195.44
2019-04-01,Супермаркеты,-59.9
2019-03-31,Супермаркеты,-68.0
2019-03-31,Супермаркеты,-99.9
2019-03-30,Супермаркеты,-71.93
2019-03-30,Супермаркеты,-269.8
2019-03-29,Супермаркеты,-59.9
2019-03-29,Супермаркеты,-59.8
2019-03-29,Супермаркеты,-34.0
2019-03-29,Супермаркеты,-78.0
2019-03-28,Супермаркеты,-210.09
2019-03-26,Супермаркеты,-172.91
2019-03-26,Супермаркеты,-78.0
2019-03-25,Супермаркеты,-53.9
2019-03-23,Супермаркеты,-72.46
2019-03-23,Супермаркеты,-78.0
2019-03-23,Супермаркеты,-265.76
2019-03-22,Супермаркеты,-125.52
2019-03-22,Супермаркеты,-139.9
2019-03-21,Супермаркеты,-87.0
2019-03-21,Супермаркеты,-208.4
2019-03-20,Супермаркеты,-149.9
2019-03-20,Супермаркеты,-78.0
2019-03-19,Супермаркеты,-376.59
2019-03-19,Супермаркеты,-15.82
2019-03-19,Супермаркеты,-44.88
2019-03-18,Супермаркеты,-67.4
2019-03-18,Супермаркеты,-78.0
2019-03-17,Супермаркеты,-687.41
2019-03-17,Супермаркеты,-105.8
2019-03-16,Супермаркеты,-68.62
2019-03-16,Супермаркеты,-47.0
2019-03-16,Супермаркеты,-105.0
2019-03-15,Супермаркеты,-78.5
2019-03-12,Супермаркеты,-29.9
2019-03-10,Супермаркеты,-129.7
2019-03-10,Супермаркеты,-329.9
2019-03-10,Супермаркеты,-275.4
2019-03-09,Супермаркеты,-67.9
2019-03-09,Супермаркеты,-169.0
2019-03-09,Супермаркеты,-1018.02
2019-03-09,Супермаркеты,-78.0
2019-03-08,Супермаркеты,-134.0
2019-03-06,Супермаркеты,-488.91
2019-03-05,Супермаркеты,-100.0
2019-03-05,Супермаркеты,-78.0
2019-03-03,Супермаркеты,-1340.73
2019-03-03,Супермаркеты,-161.7
2019-03-03,Супермаркеты,-135.8
2019-03-02,Супермаркеты,-102.73
2019-03-02,Супермаркеты,-159.8
2019-03-02,Супермаркеты,-78.0
2019-02-28,Супермаркеты,-21.69
2019-02-28,Супермаркеты,-123.88
2019-02-28,Супермаркеты,-172.72
2019-02-27,Супермаркеты,-31.8
2019-02-26,Супермаркеты,-78.0
2019-02-25,Супермаркеты,-56.9
2019-02-25,Супермаркеты,-99.0
2019-02-25,Супермаркеты,-87.0
2019-02-25,Супермаркеты,-256.02
2019-02-24,Супермаркеты,-326.3
2019-02-23,Супермаркеты,-126.8
2019-02-22,Супермаркеты,-719.03
2019-02-22,Супермаркеты,-29.9
2019-02-19,Супермаркеты,-199.0
2019-02-19,Супермаркеты,-65.0
2019-02-18,Супермаркеты,-149.8
2019-02-17,Супермаркеты,-87.2
2019-02-17,Супермаркеты,-114.68
2019-02-16,Супермаркеты,-251.7
2019-02-16,Супермаркеты,-200.1
2019-02-16,Супермаркеты,-78.0
2019-02-15,Супермаркеты,-354.1
2019-02-14,Супермаркеты,-237.87
2019-02-13,Супермаркеты,-70.93
2019-02-13,Супермаркеты,-9.0
2019-02-13,Супермаркеты,-1190.0
2019-02-13,Супермаркеты,-59.8
2019-02-12,Супермаркеты,-383.8
2019-02-12,Супермаркеты,-118.0
2019-02-12,Супермаркеты,-42.9
2019-02-11,Супермаркеты,-129.9
2019-02-11,Супермаркеты,-113.0
2019-02-11,Супермаркеты,-432.1
2019-02-10,Супермаркеты,-90.0
2019-02-09,Супермаркеты,-50.0
2019-02-09,Супермаркеты,-29.99
2019-02-08,Супермаркеты,-160.1
2019-02-08,Супермаркеты,-87.0
2019-02-08,Супермаркеты,-140.8
2019-02-07,Супермаркеты,-92.8
2019-02-07,Супермаркеты,-241.71
2019-02-07,Супермаркеты,-568.4
2019-02-06,Супермаркеты,-123.2
